Time(Iteration),CAB_original,CAB_optimal,CAB_5_6
0,6.25843973446,5.83403301695,5.51927189177
