Time(Iteration),CAB_original,LinUCB
0,5.81048598471,5.81048598471
1,11.2996568966,11.2996568966
2,16.0948145057,16.0948145057
3,20.7174668522,20.7174668522
4,25.254210971,25.3992755121
