Time(Iteration),CAB_5_6
0,5.68062408422
1,11.960742657
