Time(Iteration),CAB,LinUCB
0,2.25526803224,2.25526803224
1,4.10990618532,4.10990618532
