Time(Iteration),CAB_original
0,2.2059586208
1,4.09110525904
2,5.98486278398
3,7.90352684286
4,9.74604480252
5,11.3984241834
6,12.7176105172
