Time(Iteration),CAB_3_2,CAB_original,CAB_optimal
0,8.49874693778,6.50666000279,8.86055959986
