Time(Iteration),CAB_full,CAB_cbj,CAB_original,CAB_cbij,LinUCB
0,6.96982605912,6.96982605912,7.18341994674,6.96982605912,6.8490547855
