Time(Iteration),CAB_2_3
0,8.03936753944
1,13.354664198
2,16.8823573046
