Time(Iteration),CAB
0,6.21535991391
1,11.7253561765
2,17.4952371074
3,23.2437528738
4,28.5153359632
5,34.8022847404
