Time(Iteration),CAB,LinUCB
0,3.41607856901,4.7233781797
1,7.4028521183,10.4710756458
2,10.1833447199,15.2631734752
3,12.7759064652,17.6741841202
