Time(Iteration),CAB,LinUCB
0,1.79216615913,1.91510732235
1,3.46236133455,3.75140869936
2,4.29060741648,5.30036114062
3,5.401134206,6.93455733751
4,5.94622551311,7.95843260978
5,6.62868819659,8.91144121416
6,7.24134034225,9.64204628346
7,7.74222055408,10.3558413206
8,8.1466345397,10.8556404613
9,8.85149235465,11.3685670561
10,9.32554423488,12.2449668065
11,9.74980331546,12.5556067964
12,10.1234091332,13.1042971129
13,10.4878895592,13.5557243354
