Time(Iteration),CAB,LinUCB
0,2.42632464534,6.80869624051
1,4.80255225839,11.7206594786
2,8.05414284678,17.0322494645
3,9.44305509211,20.6761073696
