Time(Iteration),CAB_original
0,8.49452868008
1,15.0645614832
2,19.4725009487
3,24.5222440884
