Time(Iteration),CAB_original
0,1.64548815484
1,3.08565179365
2,4.66510658086
3,6.27147170655
