Time(Iteration),CAB,CAB_original,LinUCB
0,6.82747891478,6.82747891478,6.82747891478
1,12.2192304663,12.2192304663,12.1837188047
