Time(Iteration),CAB,CAB_original,LinUCB
0,9.30146739296,9.30146739296,9.30146739296
1,16.1985187993,16.1985187993,15.8599185183
