Time(Iteration),CAB,CAB_original,LinUCB
0,6.51959741667,7.53370462012,7.16595475862
