Time(Iteration),CAB,LinUCB
0,6.10312270705,7.45730092017
1,12.481211898,12.9891496465
2,16.8178700012,17.383953964
