Time(Iteration),CAB,CAB_original,LinUCB
0,8.60425300716,8.3727174246,8.60425300716
