Time(Iteration),CAB_original,CAB_optimal,CAB_5_6
0,6.20456665074,5.92089169974,5.92089169974
