Time(Iteration),CAB,CAB_original
0,1.58357681889,1.58357681889
1,3.30592842896,3.30592842896
2,4.76196367626,4.76196367626
