Time(Iteration),CAB_3_2,CAB_original,CAB_optimal
0,6.10665163552,6.28491399953,5.84048663263
