Time(Iteration),CAB,LinUCB
0,1.22716324261,1.80736218199
1,2.84100058257,3.79138279861
2,3.90145269838,5.35545108485
3,4.57419589143,6.62425891912
