Time(Iteration),CAB,LinUCB
0,2.02856963237,2.02856963237
1,3.641470567,3.641470567
2,5.50505290305,5.50505290305
3,7.62267894529,7.62267894529
4,9.301141782,9.301141782
5,10.6390961438,10.6390961438
6,11.8041529887,11.8041529887
7,13.5517578861,13.5517578861
