Time(Iteration),CAB,CAB_original,LinUCB
0,6.5079992804,6.5079992804,6.5079992804
1,13.1651677804,13.1651677804,13.1651677804
