Time(Iteration),CAB,CAB_original,LinUCB
0,8.04457969328,8.04457969328,8.04457969328
1,13.6001716483,12.3786655001,12.0618886042
