Time(Iteration),CAB,CAB_original,LinUCB
0,6.05869566029,6.05869566029,6.05869566029
