Time(Iteration),CAB_original,CAB_cbj+cbij
0,7.09834330402,5.51841700254
1,12.2191890895,9.0566621263
2,16.1936721254,12.246154578
3,19.9356444161,15.2309756414
