Time(Iteration),CAB,CAB_original,LinUCB
0,8.47350491726,8.47350491726,8.47350491726
