Time(Iteration),CAB,CAB_original
0,7.48895186935,7.48895186935
