Time(Iteration),CAB,CAB_original,LinUCB
0,1.67321331937,1.67321331937,1.86486027002
1,2.3369880252,2.3369880252,3.98792150231
