Time(Iteration),CAB,CAB_original,LinUCB
0,7.66916106128,7.66916106128,7.66916106128
1,14.4011292511,14.4011292511,14.3347348487
