Time(Iteration),CAB,LinUCB
0,4.61705554515,4.76267977812
1,8.33302626358,9.33404914362
2,11.6964263332,13.9867551583
