Time(Iteration),CAB
0,4.59956493224
1,10.1703050985
2,13.7746093761
3,16.2883101148
4,19.4629177155
5,22.1400535736
