Time(Iteration),CAB_User
0,4.99268877495
1,9.59736525495
2,13.4714019467
3,16.2302099252
4,19.1982477289
