Time(Iteration),CAB_original
0,6.00575037595
1,10.8514259667
2,16.3177239673
3,21.0204770876
