Time(Iteration),CAB,CAB_original
0,1.4206859619,1.4206859619
1,2.99868812631,2.99868812631
2,4.25308467079,4.25308467079
