Time(Iteration),CAB_2_3,CAB_original,CAB_optimal
0,8.34593581497,8.09573601242,8.28172215479
1,13.7038867706,14.7484743237,10.8726713005
