Time(Iteration),CAB,LinUCB
0,3.7486799502,4.79917924617
1,5.95300738441,8.07510943119
