Time(Iteration),CAB,LinUCB
0,1.80158234772,1.80158234772
1,3.54518573099,3.54518573099
2,5.83420629872,5.83420629872
3,7.81695653661,7.81695653661
4,9.6523259899,9.6523259899
5,10.9401462248,10.9401462248
