Time(Iteration),CAB_original
0,1.43859752345
1,3.2155665534
2,4.84777376353
3,6.6729879481
