Time(Iteration),CAB_original,CAB_cbj+cbij,CAB_optimal,LinUCB
0,7.25662746539,7.25662746539,7.25662746539,7.6339782366
1,12.3132299423,13.374148209,10.2140337041,13.3848485583
