Time(Iteration),CAB,CAB_original,LinUCB
0,6.51323342906,6.51323342906,6.51323342906
