Time(Iteration),CAB
0,1.87455898573
1,3.41351185875
2,5.18080273984
3,6.78759685637
