Time(Iteration),CAB,CAB_original,LinUCB
0,4.6245483305,4.90656065644,6.21630930541
1,8.93295076045,7.70059820242,11.451016173
