Time(Iteration),CAB,CAB_original,LinUCB
0,6.81308999868,6.81308999868,6.81308999868
