Time(Iteration),CAB_original,CAB_true_decrease,CAB_optimal,LinUCB
0,7.68304523353,7.42998899935,7.42998899935,7.61243595319
