Time(Iteration),CAB_2_3
0,5.78864937798
1,10.9183690209
