Time(Iteration),CAB_2_3,CAB_original,CAB_optimal
0,6.64117758513,6.89515197929,6.9280850782
1,11.933292396,12.1815441836,9.81074856898
