Time(Iteration),CAB_true_decrease
0,7.18140318464
1,10.9731362992
2,15.59674082
3,17.8803921727
4,19.6559052638
