Time(Iteration),CAB,CAB_original,LinUCB
0,7.17673328214,6.56210477509,7.35074216211
