Time(Iteration),CAB,CAB_original
0,2.65008559699,2.45979342211
1,4.98031618152,3.67542877345
2,7.11567961724,4.94591754344
