Time(Iteration),CAB,CAB_original,LinUCB
0,9.41478340058,9.0964323051,6.38226435702
1,16.4056351256,13.272668207,9.306213999
