Time(Iteration),CAB,CAB_original,LinUCB
0,8.7000883178,6.67254662274,6.27389910746
