Time(Iteration),CAB_5_6
0,6.9621537119
1,12.3785846812
