Time(Iteration),CAB,CAB_original,LinUCB
0,7.26476122918,8.28994780977,5.37328949854
