Time(Iteration),CAB,CAB_original,LinUCB
0,7.22482492248,7.22482492248,7.22482492248
1,13.776798772,14.4547503654,14.5325610731
2,20.5027342945,21.603049048,21.4424795726
