Time(Iteration),CAB_User,CAB,CAB_original,LinUCB
0,0.983291437761,0.983291437761,0.983291437761,1.91920705824
1,1.44055755667,1.44055755667,1.44055755667,3.17162235835
