Time(Iteration),CAB_2_3
0,6.8274537406
1,9.51362643235
2,13.1255028932
3,16.2508335801
