Time(Iteration),CAB_original,CAB_cbj+cbij,CAB_optimal,LinUCB
0,6.44112900498,6.23887067455,6.23887067455,6.07958413406
