Time(Iteration),CAB_original,CAB_cbj+cbij,CAB_optimal,LinUCB
0,6.46998301972,6.82112099043,6.82112099043,6.21330018547
