Time(Iteration),CAB_original
0,2.66360594076
1,4.62484639291
