Time(Iteration),CAB_5_6
0,8.28404141122
1,13.7163059271
2,17.1132820902
3,19.607882466
