Time(Iteration),CAB_User,CAB_Article
0,6.48075877082,6.48075877082
1,10.5809780138,10.5809780138
2,13.3065162055,13.3065162055
3,17.1962442203,17.1962442203
