Time(Iteration),CAB
0,1.42620663868
1,3.04660519349
2,4.40657307253
3,5.85855491184
