Time(Iteration),CAB_3_2,CAB_original,CAB_optimal
0,5.33150992492,7.44874601802,5.8417848018
