Time(Iteration),CAB_original,CAB_optimal,CAB_5_6
0,5.89707048368,6.730367331,6.37551365431
