Time(Iteration),CAB_original
0,8.63333078825
1,14.5997166589
