Time(Iteration),CAB,CAB_original
0,8.08826120801,8.08826120801
