Time(Iteration),CAB_original
0,2.94043498203
1,5.88858555424
2,7.98889467644
