Time(Iteration),CAB,CAB_original
0,8.37419472221,8.37419472221
1,12.7303356134,12.7303356134
2,17.4363941902,17.4363941902
3,22.7327562725,22.7327562725
