Time(Iteration),CAB,LinUCB
0,1.72107184071,1.72107184071
1,3.29958007513,3.29958007513
