Time(Iteration),CAB,LinUCB
0,1.52626704002,1.44110904709
1,2.60513709031,3.14077116527
2,3.60648294047,4.69938075829
3,4.31547793765,5.73581487717
4,4.9302746827,6.84562357248
5,5.68106525924,7.96406592921
6,6.08247136956,8.6228537888
7,6.58700072043,9.33301438017
8,7.11393041162,10.3114628252
9,7.55536745859,10.858874754
10,7.77372031416,11.4425492235
11,7.9696699266,11.9867572955
