Time(Iteration),CAB
0,7.22962257058
1,12.484337462
