Time(Iteration),CAB,LinUCB
0,1.81222297098,1.84963864001
1,3.44786414547,3.47388113144
2,4.93090280255,4.99686808104
3,6.32364130035,6.36623694743
4,7.57411031064,7.61755942211
