Time(Iteration),CAB_original
0,6.37846509213
1,12.5556546553
2,17.2441332443
