Time(Iteration),CAB_true_decrease
0,7.14913020157
1,11.1910493751
2,14.169565408
