Time(Iteration),CAB_3_2,CAB_original,CAB_optimal
0,6.20046234887,6.79906511038,6.45008147931
1,10.6316294721,11.5992817839,10.5442708764
