Time(Iteration),CAB,CAB_original,LinUCB
0,5.43456621155,7.16702334827,5.43456621155
