Time(Iteration),CAB_original,CAB_cbj+cbij
0,6.76184971613,5.5196213892
1,11.5281121909,11.6629402745
2,13.8958964603,14.6281331857
