Time(Iteration),CAB,CAB_original,LinUCB
0,2.54055235663,2.37253852261,7.25700820104
1,3.83490638754,4.13065051819,11.6250655279
