Time(Iteration),CAB,LinUCB
0,2.39637542239,2.39637542239
1,5.49786292871,5.49786292871
2,7.20489288398,7.20489288398
3,8.82836242718,8.82836242718
