Time(Iteration),CABCoTheta,LinUCBCoTheta,,,,,,
0,0.965172953545,0.984920926795,,,,,,
1,0.947872513862,0.969678367398,,,,,,
2,0.932819416174,0.95313695241,,,,,,
3,0.913648911788,0.940104336366,,,,,,
4,0.899671718426,0.913785514123,,,,,,
5,0.884603213976,0.890246414908,,,,,,
6,0.864408436025,0.876547990002,,,,,,
