Time(Iteration),CABCoTheta,LinUCBCoTheta,,,,,,
0,0.351344128458,0.348745104488,,,,,,
1,0.342016951007,0.34410347507,,,,,,
2,0.333694031844,0.33352072267,,,,,,
3,0.319884629621,0.32409148919,,,,,,
4,0.301539360743,0.315287164117,,,,,,
5,0.294234551293,0.305308308108,,,,,,
6,0.287732848476,0.299041317997,,,,,,
7,0.279818726446,0.289054455355,,,,,,
8,0.274086716535,0.282637063896,,,,,,
9,0.2698492757,0.272706555933,,,,,,
