Time(Iteration),CABCoTheta,,,,,,
0,0.305394869176,,,,,,
1,0.291736703511,,,,,,
2,0.286650480692,,,,,,
3,0.281222173692,,,,,,
