Time(Iteration),CABCoTheta,CAB_originalCoTheta,LinUCBCoTheta,,,,,,
0,0.974186608188,0.98238761611,0.974263798525,,,,,,
1,0.94717685848,0.954945987232,0.949511020362,,,,,,
2,0.92177647744,0.93248078946,0.927572007765,,,,,,
3,0.904598152476,0.916898973276,0.89916863498,,,,,,
4,0.879673808148,0.894151271509,0.879873792,,,,,,
5,0.863955530431,0.879384845001,0.865085291959,,,,,,
