Time(Iteration),CAB_UserCoTheta,CAB_ArticleCoTheta,,,,,,
0,0.975631373516,0.975631373516,,,,,,
1,0.95699868351,0.95699868351,,,,,,
2,0.937069602537,0.937069602537,,,,,,
3,0.919434874181,0.919434874181,,,,,,
