Time(Iteration),CABCoTheta,CAB_originalCoTheta,LinUCBCoTheta,,,,,,
0,0.94985332743,0.94985332743,0.94985332743,,,,,,
1,0.925566955419,0.925566955419,0.924746701546,,,,,,
