Time(Iteration),CABCoTheta,LinUCBCoTheta,,,,,,
0,0.341486323531,0.343539122576,,,,,,
1,0.334335623501,0.330684837895,,,,,,
2,0.327345440987,0.325364132815,,,,,,
3,0.318443593716,0.320453274693,,,,,,
