Time(Iteration),CABCoTheta,CAB_originalCoTheta,LinUCBCoTheta,,,,,,
0,0.947667764643,0.947667764643,0.947667764643,,,,,,
1,0.914031188315,0.921845496653,0.921845496653,,,,,,
2,0.894635653696,0.900373110472,0.900937805249,,,,,,
3,0.882308756619,0.875287204649,0.875153105326,,,,,,
4,0.855482825945,0.859571781414,0.862647839508,,,,,,
5,0.838556381355,0.837579596503,0.841659996526,,,,,,
6,0.816509186376,0.818595318206,0.821540124255,,,,,,
