Time(Iteration),CABCoTheta,CAB_originalCoTheta,LinUCBCoTheta,,,,,,
0,0.96069486314,0.96069486314,0.96069486314,,,,,,
1,0.922071197521,0.928441394041,0.925085119133,,,,,,
