Time(Iteration),CABCoTheta,,,,,,
0,0.295584585731,,,,,,
1,0.287489491559,,,,,,
2,0.282014131574,,,,,,
3,0.275376084056,,,,,,
