Time(Iteration),CABCoTheta,CAB_originalCoTheta,LinUCBCoTheta,,,,,,
0,0.968327352809,0.966052888413,0.954796808633,,,,,,
1,0.94727618825,0.948671869435,0.934071780291,,,,,,
