Time(Iteration),CABCoTheta,LinUCBCoTheta,,,,,,
0,0.965310663415,0.976387359504,,,,,,
1,0.942122097232,0.957666268008,,,,,,
2,0.925456154418,0.939706039428,,,,,,
3,0.903162164807,0.926398762578,,,,,,
