Time(Iteration),CABCoTheta,CAB_originalCoTheta,LinUCBCoTheta,,,,,,
0,0.343707248715,0.343707248715,0.342805670466,,,,,,
1,0.332197885896,0.332197885896,0.336139565184,,,,,,
2,0.319414141487,0.319414141487,0.327494251908,,,,,,
3,0.313135515141,0.313135515141,0.32183715116,,,,,,
4,0.305321557186,0.305321557186,0.314384686809,,,,,,
