Time(Iteration),CABCoTheta,CAB_originalCoTheta,LinUCBCoTheta,,,,,,
0,0.951896807545,0.951896807545,0.951896807545,,,,,,
1,0.921924018694,0.921924018694,0.921924018694,,,,,,
