Time(Iteration),CABCoTheta,CAB_originalCoTheta,LinUCBCoTheta,,,,,,
0,0.93972324091,0.93972324091,0.93972324091,,,,,,
1,0.919174072321,0.919174072321,0.918327098777,,,,,,
