Time(Iteration),CABCoTheta,LinUCBCoTheta,,,,,,
0,0.311091083388,0.311091083388,,,,,,
1,0.29857233809,0.29857233809,,,,,,
2,0.291104958371,0.290976379017,,,,,,
3,0.286507606041,0.28599051696,,,,,,
4,0.282825710361,0.282278251456,,,,,,
5,0.277237300403,0.27700539091,,,,,,
6,0.272503374951,0.272047045917,,,,,,
7,0.264238769106,0.263634175158,,,,,,
8,0.259818204834,0.258539061769,,,,,,
9,0.254530862197,0.254649469831,,,,,,
10,0.250808958118,0.251384857867,,,,,,
