Time(Iteration),CABCoTheta,LinUCBCoTheta,,,,,,
0,0.962054657481,0.973752607582,,,,,,
1,0.925000354602,0.94290782192,,,,,,
