Time(Iteration),CABCoTheta,LinUCBCoTheta,,,,,,
0,0.344965922222,0.344965922222,,,,,,
1,0.333019498434,0.333019498434,,,,,,
2,0.324521153293,0.324521153293,,,,,,
3,0.314529442647,0.314529442647,,,,,,
4,0.306343890153,0.306343890153,,,,,,
5,0.298259584362,0.298259584362,,,,,,
6,0.291370188448,0.291370188448,,,,,,
7,0.278440213661,0.278440213661,,,,,,
8,0.268510761707,0.268510761707,,,,,,
