Time(Iteration),CABCoTheta,CAB_originalCoTheta,LinUCBCoTheta,,,,,,
0,0.97713110479,0.976121823458,0.979941256476,,,,,,
1,0.958866576432,0.954310245864,0.960182685737,,,,,,
