Time(Iteration),CABCoTheta,CAB_originalCoTheta,LinUCBCoTheta,,,,,,
0,0.346133360025,0.346133360025,0.343274217901,,,,,,
1,0.337283926602,0.337283926602,0.33757361583,,,,,,
