Time(Iteration),CABCoTheta,LinUCBCoTheta,,,,,,
0,0.342298288924,0.342298288924,,,,,,
1,0.332199987282,0.332199987282,,,,,,
