Time(Iteration),CABCoTheta,LinUCBCoTheta,,,,,,
0,0.342531022828,0.342531022828,,,,,,
1,0.334488690865,0.334488690865,,,,,,
2,0.325958247026,0.325958247026,,,,,,
3,0.312702549241,0.312702549241,,,,,,
4,0.300091467871,0.300091467871,,,,,,
5,0.295247675824,0.295247675824,,,,,,
