Time(Iteration),CAB_originalCoTheta,,,,,,
0,0.297936435776,,,,,,
1,0.290812254393,,,,,,
2,0.284387630081,,,,,,
3,0.277224533576,,,,,,
