Time(Iteration),CABCoTheta,CAB_originalCoTheta,LinUCBCoTheta,,,,,,
0,0.981154082547,0.985347348673,0.972485190817,,,,,,
1,0.968317438216,0.963491684254,0.956435029416,,,,,,
2,0.948081165555,0.943875984202,0.941271387636,,,,,,
3,0.929141174374,0.929067061079,0.918791549863,,,,,,
4,0.913331586229,0.9079836101,0.89890372197,,,,,,
5,0.895542034121,0.895782659357,0.881266831767,,,,,,
6,0.88064770823,0.883463723136,0.865699145038,,,,,,
