Time(Iteration),CAB_2_3CoTheta,,,,,,
0,0.9760911651,,,,,,
1,0.939133525734,,,,,,
2,0.912607803594,,,,,,
