Time(Iteration),CAB_2_3CoTheta,,,,,,
0,0.96428607988,,,,,,
1,0.930447459922,,,,,,
2,0.910244995427,,,,,,
