Time(Iteration),CABCoTheta,CAB_originalCoTheta,LinUCBCoTheta,,,,,,
0,0.954174322409,0.954174322409,0.953271487205,,,,,,
1,0.928862033232,0.938167715893,0.934941893476,,,,,,
2,0.894073372369,0.91475304469,0.915101554647,,,,,,
3,0.863561349998,0.885644174538,0.890573905402,,,,,,
