Time(Iteration),CABCoTheta,LinUCBCoTheta,,,,,,
0,0.301908673762,0.301908673762,,,,,,
1,0.275009296839,0.275009296839,,,,,,
