Time(Iteration),CABCoTheta,CAB_originalCoTheta,LinUCBCoTheta,,,,,,
0,0.951879493499,0.951879493499,0.951879493499,,,,,,
1,0.918404134352,0.932557559293,0.926550144573,,,,,,
2,0.879517685716,0.898628660695,0.888868449311,,,,,,
