Time(Iteration),CABCoTheta,LinUCBCoTheta,,,,,,
0,0.345324163717,0.345324163717,,,,,,
1,0.335216368434,0.335216368434,,,,,,
2,0.328303220638,0.328303220638,,,,,,
3,0.317055350916,0.317055350916,,,,,,
4,0.306866165219,0.306866165219,,,,,,
5,0.297811421607,0.297811421607,,,,,,
6,0.28956360039,0.28956360039,,,,,,
7,0.283586594167,0.283586594167,,,,,,
8,0.274831481516,0.274831481516,,,,,,
9,0.265667363974,0.265667363974,,,,,,
