Time(Iteration),CABCoTheta,CAB_originalCoTheta,LinUCBCoTheta,,,,,,
0,0.951245033523,0.951245033523,0.951245033523,,,,,,
1,0.919199140732,0.920340234112,0.920434067622,,,,,,
2,0.888807788279,0.892658547071,0.892534313768,,,,,,
3,0.868161549211,0.869935611747,0.872788037865,,,,,,
