Time(Iteration),CABCoTheta,CAB_originalCoTheta,LinUCBCoTheta,,,,,,
0,0.964921608357,0.964921608357,0.964921608357,,,,,,
1,0.941613739867,0.941613739867,0.937283829207,,,,,,
