Time(Iteration),CAB_originalCoTheta,,,,,,
0,0.960087173156,,,,,,
1,0.940740335947,,,,,,
2,0.917864466222,,,,,,
3,0.898556704863,,,,,,
