Time(Iteration),CABCoTheta,LinUCBCoTheta,,,,,,
0,0.970604955922,0.980376132769,,,,,,
1,0.94370310701,0.961534685522,,,,,,
2,0.914885641196,0.92899695817,,,,,,
3,0.891645482305,0.903788108997,,,,,,
4,0.87219485385,0.877843082994,,,,,,
5,0.858763414649,0.866206221422,,,,,,
