Time(Iteration),CABCoTheta,LinUCBCoTheta,,,,,,
0,0.96684995246,0.967782159176,,,,,,
1,0.943986487876,0.947204864552,,,,,,
2,0.926425811559,0.936001109765,,,,,,
3,0.902033491555,0.912249863201,,,,,,
