Time(Iteration),CAB_originalCoTheta,,,,,,
0,0.853908913194,,,,,,
1,0.817144158741,,,,,,
2,0.796295202336,,,,,,
3,0.76490570735,,,,,,
