Time(Iteration),CABCoTheta,LinUCBCoTheta,,,,,,
0,0.964065176449,0.967881650736,,,,,,
1,0.924078807303,0.942977062552,,,,,,
2,0.898125881771,0.922882211833,,,,,,
