Time(Iteration),CAB_5_6CoTheta,,,,,,
0,0.972213036406,,,,,,
1,0.942730192438,,,,,,
2,0.914420106772,,,,,,
3,0.889743975911,,,,,,
