Time(Iteration),CABCoTheta,CAB_originalCoTheta,LinUCBCoTheta,,,,,,
0,0.944292783028,0.944292783028,0.944292783028,,,,,,
1,0.902954471708,0.914672882705,0.914672882705,,,,,,
2,0.874148652991,0.890091821177,0.890091821177,,,,,,
3,0.844656101199,0.866818587324,0.863769396564,,,,,,
4,0.816271942104,0.84250607177,0.837850245026,,,,,,
5,0.793781028112,0.824801498776,0.827789126414,,,,,,
6,0.774471619283,0.805063459254,0.808162107488,,,,,,
