Time(Iteration),CABCoTheta,LinUCBCoTheta,,,,,,
0,0.343867360249,0.343867360249,,,,,,
1,0.332772196568,0.332772196568,,,,,,
2,0.324373268471,0.324373268471,,,,,,
3,0.314699292452,0.314699292452,,,,,,
4,0.301868317875,0.301868317875,,,,,,
5,0.297225032427,0.297225032427,,,,,,
6,0.289355074591,0.289355074591,,,,,,
7,0.279070862755,0.279070862755,,,,,,
