Time(Iteration),CABCoTheta,CAB_originalCoTheta,LinUCBCoTheta,,,,,,
0,0.957197296747,0.957197296747,0.957197296747,,,,,,
1,0.90957124789,0.90957124789,0.90957124789,,,,,,
2,0.883465394531,0.883465394531,0.883465394531,,,,,,
3,0.858718291603,0.858718291603,0.858718291603,,,,,,
4,0.839485890579,0.839485890579,0.839485890579,,,,,,
5,0.819630936057,0.807224777678,0.819813762871,,,,,,
