Time(Iteration),CABCoTheta,LinUCBCoTheta,,,,,,
0,0.342765138746,0.342765138746,,,,,,
1,0.332718491869,0.332718491869,,,,,,
2,0.321851551439,0.321851551439,,,,,,
3,0.309243149769,0.309243149769,,,,,,
