Time(Iteration),CABCoTheta,CAB_originalCoTheta,LinUCBCoTheta,,,,,,
0,0.978320062036,0.982680836994,0.973030124115,,,,,,
1,0.953333205389,0.954453757659,0.950667448926,,,,,,
2,0.932259424434,0.933885899667,0.92427126791,,,,,,
3,0.908046053688,0.90695863227,0.904104127858,,,,,,
4,0.879769750622,0.88804395791,0.875488521443,,,,,,
5,0.857985709299,0.860776844485,0.855065061254,,,,,,
6,0.842249191102,0.835134742126,0.830262361542,,,,,,
7,0.820778429227,0.816210834638,0.811417709576,,,,,,
