Time(Iteration),CAB_originalCoTheta,,,,,,
0,0.303816264317,,,,,,
1,0.291549491936,,,,,,
2,0.284891122983,,,,,,
3,0.279405883931,,,,,,
