Time(Iteration),CABCoTheta,LinUCBCoTheta,,,,,,
0,0.96317723146,0.964947763947,,,,,,
1,0.940338824168,0.943702842315,,,,,,
2,0.927394889526,0.924508920096,,,,,,
