Time(Iteration),CABCoTheta,CAB_originalCoTheta,LinUCBCoTheta,,,,,,
0,0.952903796825,0.953177542654,0.959276791906,,,,,,
1,0.907055292458,0.922805924786,0.932530543781,,,,,,
