Time(Iteration),CABCoTheta,LinUCBCoTheta,,,,,,
0,0.990092827512,0.980183444906,,,,,,
1,0.96192386637,0.953173085009,,,,,,
2,0.924216854784,0.921924348568,,,,,,
3,0.908196269269,0.895844288369,,,,,,
4,0.88467620225,0.884857647108,,,,,,
5,0.86289763305,0.866038332781,,,,,,
