Time(Iteration),CABCoTheta,LinUCBCoTheta,,,,,,
0,0.974793933445,0.984920806192,,,,,,
1,0.951909532289,0.959512620229,,,,,,
2,0.914535311842,0.924224620275,,,,,,
3,0.891351543719,0.890527781205,,,,,,
4,0.846768431619,0.868841068071,,,,,,
5,0.819161696012,0.848016008705,,,,,,
6,0.792204262539,0.820788208642,,,,,,
7,0.766346430194,0.798619819746,,,,,,
8,0.748811560255,0.783781525933,,,,,,
9,0.731089471373,0.751509062074,,,,,,
