Time(Iteration),CABCoTheta,LinUCBCoTheta,,,,,,
0,0.298635018939,0.299741045506,,,,,,
1,0.28627247043,0.286717711214,,,,,,
2,0.280383241828,0.28152282655,,,,,,
3,0.274174918911,0.275788031201,,,,,,
4,0.268062691104,0.269945391404,,,,,,
